<?xml version="1.0" encoding="UTF-8"?>

<mule xmlns:bti="http://www.mulesoft.org/schema/mule/ee/bti" xmlns:tracking="http://www.mulesoft.org/schema/mule/ee/tracking"
	xmlns:db="http://www.mulesoft.org/schema/mule/db"
	xmlns:http="http://www.mulesoft.org/schema/mule/http" xmlns="http://www.mulesoft.org/schema/mule/core" xmlns:doc="http://www.mulesoft.org/schema/mule/documentation" xmlns:xsi="http://www.w3.org/2001/XMLSchema-instance" xsi:schemaLocation="http://www.mulesoft.org/schema/mule/core http://www.mulesoft.org/schema/mule/core/current/mule.xsd
http://www.mulesoft.org/schema/mule/http http://www.mulesoft.org/schema/mule/http/current/mule-http.xsd
http://www.mulesoft.org/schema/mule/db http://www.mulesoft.org/schema/mule/db/current/mule-db.xsd
http://www.mulesoft.org/schema/mule/ee/tracking http://www.mulesoft.org/schema/mule/ee/tracking/current/mule-tracking-ee.xsd
http://www.mulesoft.org/schema/mule/ee/bti http://www.mulesoft.org/schema/mule/ee/bti/current/mule-bti-ee.xsd">
	<http:listener-config name="HTTP_Listener_config" doc:name="HTTP Listener config" doc:id="d26202c4-43b8-474d-9843-9ca19d04e616" basePath="${mysql.http.basePath}" >
		<http:listener-connection host="${mysql.http.host}" port="${mysql.http.port}" />
	</http:listener-config>
	<db:config name="Database_Config" doc:name="Database Config" doc:id="ae442b35-8342-409f-9187-1b1b0ffd8bc3" >
		<db:my-sql-connection host="${mysql.db.host}" port="${mysql.db.port}" user="${mysql.db.user}" password="${mysql.db.pass}" database="${mysql.db.name}" useXaTransactions="true" transactionIsolation="SERIALIZABLE">
			<reconnection >
				<reconnect-forever />
			</reconnection>
		</db:my-sql-connection>
	</db:config>
	<configuration-properties doc:name="Configuration properties" doc:id="bc652fcd-c666-491a-9594-6d8f7019ad48" file="${mule.env}.properties" />
	<bti:transaction-manager doc:name="Bitronix Transaction Manager" doc:id="1b5eabbb-0400-429a-b40e-3b73d1d332cf" />
	<global-property doc:name="Global Property" doc:id="84e62d44-882b-491a-9485-b154ece6246d" name="mule.env" value="local" />
</mule>
