<?xml version="1.0" encoding="UTF-8"?>

<mule xmlns:ee="http://www.mulesoft.org/schema/mule/ee/core" xmlns:db="http://www.mulesoft.org/schema/mule/db"
	xmlns:http="http://www.mulesoft.org/schema/mule/http"
	xmlns="http://www.mulesoft.org/schema/mule/core" xmlns:doc="http://www.mulesoft.org/schema/mule/documentation" xmlns:xsi="http://www.w3.org/2001/XMLSchema-instance" xsi:schemaLocation="http://www.mulesoft.org/schema/mule/core http://www.mulesoft.org/schema/mule/core/current/mule.xsd
http://www.mulesoft.org/schema/mule/http http://www.mulesoft.org/schema/mule/http/current/mule-http.xsd
http://www.mulesoft.org/schema/mule/db http://www.mulesoft.org/schema/mule/db/current/mule-db.xsd
http://www.mulesoft.org/schema/mule/ee/core http://www.mulesoft.org/schema/mule/ee/core/current/mule-ee.xsd">
	<flow name="sapi-database-apiFlow" doc:id="c72d9705-2295-48a1-a72c-2daf78541ff0" >
		<http:listener doc:name="Listener" doc:id="4baffffe-68c3-442a-8c13-663a74e2c366" config-ref="HTTP_Listener_config" path="/select">
			<http:response statusCode="#[vars.statusCode]"/>
		</http:listener>
		<logger level="INFO" doc:name="Logger" doc:id="d8311338-5881-42c0-af45-4c9c49218c5c" message=":::::::::: DB SELECT ALL PRODUCTS ::::::::::"/>
		<db:select doc:name="Select" doc:id="0c583356-27f3-465a-9787-48e2a3fc8146" config-ref="Database_Config">
			<db:sql ><![CDATA[SELECT product_id, product_name, price, quantity, description, category FROM products ORDER BY product_id;]]></db:sql>
		</db:select>
		<logger level="INFO" doc:name="Logger" doc:id="e0046a77-e60b-4c9b-81ee-0913632ef2b9" message="Database Response: #[payload]"/>
		<ee:transform doc:name="Transform Message" doc:id="12a53e86-c30f-421a-bc28-150e4a11a4ce" >
			<ee:message >
				<ee:set-payload ><![CDATA[%dw 2.0
import p from Mule
import wait from dw::Runtime
output application/json
---
(payload map (item, index) -> {
	productId: item.product_id,
	productName: item.product_name,
	price: item.price,
	quantity: item.quantity,
	category: item.category,
	description: item.description
}) wait (p('mysql.db.select.delay') default 2000)]]></ee:set-payload>
			</ee:message>
			<ee:variables >
				<ee:set-variable variableName="statusCode" ><![CDATA[%dw 2.0
---
200]]></ee:set-variable>
			</ee:variables>
		</ee:transform>
		<error-handler >
			<on-error-continue enableNotifications="true" logException="true" doc:name="On Error Continue" doc:id="e925f46d-6301-4be2-b4fb-06ad42aef5b3" type="ANY">
				<ee:transform doc:name="Transform Message" doc:id="9bc66194-d827-4c6c-9875-116e4021a8fa">
					<ee:message>
						<ee:set-payload><![CDATA[%dw 2.0
output application/json
---

{
	"success": false,
	"message": "Failed to get products from MySQL DB",
	"error": error.description
}
]]></ee:set-payload>
					</ee:message>
					<ee:variables >
					</ee:variables>
				</ee:transform>
				<set-variable value="#[500]" doc:name="Set Variable" doc:id="25d4201f-c8f4-4eb7-9acc-e5f088695b57" variableName="statusCode"/>
			</on-error-continue>
		</error-handler>
	</flow>
	<flow name="sapi-database-apiFlow1" doc:id="1e0ca451-02e0-45d2-8220-a6b29fc56810" >
		<http:listener doc:name="Listener" doc:id="4a64ac21-259f-4534-a2c3-b99113d46361" config-ref="HTTP_Listener_config" path="/bulk-update">
			<http:response statusCode="#[vars.statusCode]"/>
		</http:listener>
		<ee:transform doc:name="Transform Message" doc:id="d13c3eff-8821-40a0-a6b5-083adbdf8a72" >
			<ee:message >
				<ee:set-payload ><![CDATA[%dw 2.0
output application/json
---

payload map (item, index) -> {
	product_id: item.productId,
	new_qty: item.quantity
}]]></ee:set-payload>
			</ee:message>
			<ee:variables >
				<ee:set-variable variableName="products" ><![CDATA[%dw 2.0
output application/json
---

payload.productId]]></ee:set-variable>
			</ee:variables>
		</ee:transform>
		<logger level="INFO" doc:name="Logger" doc:id="210ed655-fb44-40a0-8e60-c39376bc1f66" message=":::::::::: DB BULK UPDATE ALL PRODUCTS ::::::::::"/>
		<logger level="INFO" doc:name="Logger" doc:id="98d06d1d-0f77-44e1-bc44-c86647d432b6" message="UPDATING PRODUCTS --- #[payload.product_id] with quantities #[payload.new_qty]"/>
		<try doc:name="Try" doc:id="e6bf3109-b6ac-4401-a556-95bcb72dff30" transactionalAction="BEGIN_OR_JOIN" transactionType="XA">
			<db:bulk-update doc:name="Bulk update" doc:id="22c04ca8-0d07-445f-bae7-159c9cab23ff" config-ref="Database_Config" transactionalAction="ALWAYS_JOIN">
			<db:sql><![CDATA[UPDATE products SET quantity = quantity - :new_qty WHERE product_id = :product_id;]]></db:sql>
		</db:bulk-update>
		</try>
		<logger level="INFO" doc:name="Logger" doc:id="4280ad05-cd96-4e73-90b1-e4d5ea3cd09b" message="Database Response: #[payload]" />
		<ee:transform doc:name="Transform Message" doc:id="d13d3c07-9e35-47f7-a60a-b70acf1f6964">
			<ee:message>
			</ee:message>
			<ee:variables>
				<ee:set-variable variableName="results"><![CDATA[%dw 2.0
output application/json
---
payload reduce ((item, acc = 0) -> acc + item)]]></ee:set-variable>
			</ee:variables>
		</ee:transform>
		<choice doc:name="Choice" doc:id="f6c41843-24f5-447a-a7c5-54741d551041">
			<when expression="#[vars.results == sizeOf(vars.products)]">
				<ee:transform doc:name="Transform Message" doc:id="51832f33-8aba-405b-ae08-6555822b0106">
			<ee:message>
				<ee:set-payload><![CDATA[%dw 2.0
output application/json
---
{
	success: true,
	message: "The product was updated successfully",
	productsId: vars.products
}]]></ee:set-payload>
			</ee:message>
		</ee:transform>
			</when>
			<otherwise>
				<raise-error doc:name="Raise error" doc:id="df30a080-48a8-4cce-b476-7f9c7bbebc0a" type="CUSTOM:BULK_UPDATE_FAILED" description="None of the items were affected while updating the DB" />
			</otherwise>
		</choice>
		<error-handler>
			<on-error-continue enableNotifications="true" logException="true" doc:name="On Error Continue" doc:id="e2ce20d9-abfc-4817-a573-1e83909166d0" type="ANY" >
				<ee:transform doc:name="Transform Message" doc:id="c7cc33fc-f8fa-4673-9b80-942145620cd8" >
					<ee:message >
						<ee:set-payload ><![CDATA[%dw 2.0
output application/json
---

{
	"success": false,
	"message": "Failed to update prodcuts in MySQL DB",
	"error": error.description
}
]]></ee:set-payload>
					</ee:message>
					<ee:variables />
				</ee:transform>
				<set-variable value="#[500]" doc:name="Set Variable" doc:id="a55999ba-0ae0-43a4-a134-b5f3240e1196" variableName="statusCode" />
			</on-error-continue>
		</error-handler>
	</flow>
	<flow name="sapi-database-apiFlow2" doc:id="92d0050d-34f8-440d-9bb3-52e83ff978c2" >
		<http:listener doc:name="Listener" doc:id="3ce38fc6-b359-4050-9fcc-2c1eedb2208d" config-ref="HTTP_Listener_config" path="/update">
			<http:response statusCode="#[vars.statusCode]"/>
		</http:listener>
		<ee:transform doc:name="Transform Message" doc:id="8fef0b34-3147-435e-9efd-dad6e3385460" >
			<ee:message >
				<ee:set-payload ><![CDATA[%dw 2.0
output application/json
---
{
	product_id: payload.productId,
	product_qty: payload.quantity
}]]></ee:set-payload>
			</ee:message>
			<ee:variables >
				<ee:set-variable variableName="product" ><![CDATA[%dw 2.0
output application/json
---

payload.productId]]></ee:set-variable>
			</ee:variables>
		</ee:transform>
		<logger level="INFO" doc:name="Logger" doc:id="166e3e87-bb2a-47e1-9144-4b00f4cd1ed9" message=":::::::::: DB UPDATE PRODUCT ::::::::::"/>
		<logger level="INFO" doc:name="Logger" doc:id="c8c43229-4468-4d4d-883b-ecc01cfe3014" message="Payload: #[payload]"/>
		<try doc:name="Try" doc:id="1ce4aa97-59c3-4bff-8a80-1823887a42a5" transactionalAction="ALWAYS_BEGIN" transactionType="XA">
			<db:update doc:name="Update" doc:id="9ee89efb-a980-440c-80a6-d790a803bd2f" config-ref="Database_Config">
			<db:sql><![CDATA[UPDATE products SET quantity = quantity - :new_qty WHERE product_id = :product_id;]]></db:sql>
			<db:input-parameters><![CDATA[#[{
	"new_qty": payload.product_qty,
	"product_id": payload.product_id
}]]]></db:input-parameters>
		</db:update>
		</try>
		<ee:transform doc:name="Transform Message" doc:id="0e1a35b1-7b27-4150-aee3-6bdd27645cfa" >
			<ee:message >
				<ee:set-payload ><![CDATA[%dw 2.0
output application/json
---
payload]]></ee:set-payload>
			</ee:message>
		</ee:transform>
		<logger level="INFO" doc:name="Logger" doc:id="6346e89d-1866-4c2b-be5e-85b7f24ec518" message="Database Response: #[payload]"/>
		<choice doc:name="Choice" doc:id="af370280-4538-43d7-a1f8-a60259ef3b52" >
			<when expression="#[payload.affectedRows == sizeOf(vars.product)]" >
				<ee:transform doc:name="Transform Message" doc:id="7167ecb2-3e43-424a-8570-62343af2c5aa">
			<ee:message>
				<ee:set-payload><![CDATA[%dw 2.0
output application/json
---
{
	success: true,
	message: "The product was updated successfully",
	productsId: vars.product
}]]></ee:set-payload>
			</ee:message>
		</ee:transform>
			</when>
			<otherwise >
				<raise-error doc:name="Raise error" doc:id="9abf176e-b034-4ceb-9ba6-7da62ab6372e" type="CUSTOM:UPDATE_FAILED" description="No affected items in the DB when updating"/>
			</otherwise>
		</choice>
		<error-handler >
			<on-error-continue enableNotifications="true" logException="true" doc:name="On Error Continue" doc:id="544cbfae-753d-4f06-9db5-09c5e35f734e" type="ANY" >
				<ee:transform doc:name="Transform Message" doc:id="7f83d5cc-7d2a-4973-885b-0baf99410304" >
					<ee:message >
						<ee:set-payload ><![CDATA[%dw 2.0
output application/json
---

{
	"success": false,
	"message": "Failed to update the product in MySQL DB",
	"error": error.description
}
]]></ee:set-payload>
					</ee:message>
					<ee:variables />
				</ee:transform>
				<set-variable value="#[500]" doc:name="Set Variable" doc:id="28e7d6c1-ba70-448d-8de3-7dd1494f0aaf" variableName="statusCode" />
			</on-error-continue>
		</error-handler>
	</flow>
</mule>
