<?xml version="1.0" encoding="UTF-8"?>

<mule xmlns:http="http://www.mulesoft.org/schema/mule/http" xmlns="http://www.mulesoft.org/schema/mule/core"
	xmlns:doc="http://www.mulesoft.org/schema/mule/documentation"
	xmlns:xsi="http://www.w3.org/2001/XMLSchema-instance" xsi:schemaLocation="http://www.mulesoft.org/schema/mule/core http://www.mulesoft.org/schema/mule/core/current/mule.xsd
http://www.mulesoft.org/schema/mule/http http://www.mulesoft.org/schema/mule/http/current/mule-http.xsd">
	<http:listener-config name="HTTP_Listener_config" doc:name="HTTP Listener config" doc:id="7f7c8547-5ee2-4ff0-b409-b676ef5e0b87" basePath="${papi.http.basePath}" >
		<http:listener-connection host="${papi.http.host}" port="${papi.http.port}" />
	</http:listener-config>
	<http:request-config name="HTTP_Request_Redis" doc:name="HTTP Request configuration" doc:id="05306495-547a-43ce-829c-fe387e79b064" basePath="${redis.http.basePath}" >
		<http:request-connection host="${redis.http.host}" port="${redis.http.port}" protocol="${redis.http.protocol}"/>
	</http:request-config>
	<http:request-config name="HTTP_Request_MySQL" doc:name="HTTP Request configuration" doc:id="052e80ab-e48e-44bb-a067-fc85554b84c1" basePath="${mysql.http.basePath}" >
		<http:request-connection host="${mysql.http.host}" port="${mysql.http.port}" protocol="${mysql.http.protocol}"/>
	</http:request-config>
	<configuration-properties doc:name="Configuration properties" doc:id="194bc8cf-3b74-4aba-8724-d8e7bfe1d533" file="${mule.env}.properties" />
</mule>
