<?xml version="1.0" encoding="UTF-8"?>

<mule xmlns:ee="http://www.mulesoft.org/schema/mule/ee/core" xmlns:http="http://www.mulesoft.org/schema/mule/http"
	xmlns="http://www.mulesoft.org/schema/mule/core"
	xmlns:doc="http://www.mulesoft.org/schema/mule/documentation" xmlns:xsi="http://www.w3.org/2001/XMLSchema-instance" xsi:schemaLocation="http://www.mulesoft.org/schema/mule/core http://www.mulesoft.org/schema/mule/core/current/mule.xsd
http://www.mulesoft.org/schema/mule/http http://www.mulesoft.org/schema/mule/http/current/mule-http.xsd
http://www.mulesoft.org/schema/mule/ee/core http://www.mulesoft.org/schema/mule/ee/core/current/mule-ee.xsd">
	<flow name="papi-sync-databases" doc:id="8a324c1f-819a-4df4-8f1c-4e851be8e8cf">
		<scheduler doc:name="Scheduler" doc:id="ad0dfdfe-2f2b-4c33-bde7-3bc194facb5d" >
			<scheduling-strategy >
				<fixed-frequency frequency="${sync.freq.minutes}" timeUnit="MINUTES"/>
			</scheduling-strategy>
		</scheduler>
		<logger level="INFO" doc:name="Logger" doc:id="239da44e-22f6-4d6c-8c4f-18d164f6f1e7" message=":::::::::::: STARTING SYNC BETWEEN SQL AND REDIS ::::::::::::"/>
		<http:request method="POST" doc:name="Request" doc:id="95f5e6e5-4b66-4bf9-b6c0-8f6bb36036bc" config-ref="HTTP_Request_MySQL" path="/select"/>
		<logger level="INFO" doc:name="Logger" doc:id="0a62b42d-dc23-4c20-bb37-ac5b36b91953" message="Products to Sync: #[payload]"/>
		<scatter-gather doc:name="Scatter-Gather" doc:id="c187eae3-1ceb-42b5-97dc-94bf3a9bc547" target="scatterPayload">
			<route >
				<foreach doc:name="For Each" doc:id="aafea8c6-fda1-4e20-8b67-837bdc10e52f" collection="#[payload]">
					<ee:transform doc:name="Transform Message" doc:id="377e2ece-56e0-44c2-844e-33caeb89c77d" >
						<ee:message >
							<ee:set-payload ><![CDATA[%dw 2.0
output application/json
---
{
	key: payload.productId,
	value: payload.quantity
}]]></ee:set-payload>
						</ee:message>
					</ee:transform>
					<logger level="INFO" doc:name="Logger" doc:id="5dfbd166-7e1c-4a50-bb2c-d55b9e7a710a" message="Product to SET: #[payload]" />
					<until-successful maxRetries="3" doc:name="Until Successful" doc:id="0fd04bef-7a43-406f-bb48-de1a9f998786" millisBetweenRetries="15000" >
						<http:request method="POST" doc:name="Request" doc:id="40037eec-c88b-4848-b9a7-25205eb7c39e" config-ref="HTTP_Request_Redis" path="/set-key" />
					</until-successful>
					<ee:transform doc:name="Transform Message1" doc:id="a067d4c4-0e3c-495c-8947-8863061a78d2" >
						<ee:message >
							<ee:set-payload ><![CDATA[%dw 2.0
output application/json
---

payload]]></ee:set-payload>
						</ee:message>
					</ee:transform>
				</foreach>
			</route>
			<route >
				<flow-ref doc:name="Flow Reference" doc:id="c4af04ff-1048-4cda-86ae-10482a2c6df0" name="papi-update-products-key-subflow"/>
			</route>
		</scatter-gather>
		<logger level="INFO" doc:name="Logger" doc:id="29ffe668-05d6-46ce-b469-c7b0f9901218" message="#[vars.scatterPayload]"/>
		<error-handler >
			<on-error-continue enableNotifications="true" logException="true" doc:name="On Error Continue" doc:id="37674635-2e8b-47d3-927e-1866d39d4ffe" type="ANY">
				<logger level="INFO" doc:name="Logger" doc:id="7f257a09-8bc6-419f-85fe-79df4e2c7689" message="IMPORTANT!! --- ERROR WHILE SYNCING DATA BASES"/>
			</on-error-continue>
		</error-handler>
	</flow>
	<flow name="papi-process-purchase" doc:id="9ae6fb7f-f608-45be-a8ac-ec49df56c33a" >
		<http:listener doc:name="Listener" doc:id="87c63f5d-0a44-44a7-9ebe-1244e2c73dc3" config-ref="HTTP_Listener_config" path="/process-purchase">
			<http:response statusCode="#[vars.statusCode default 200]" />
		</http:listener>
		<logger level="INFO" doc:name="Logger" doc:id="c07a68de-4cef-4550-acff-08bb8513fc3f" message=":::::::: START HANDLING PURCHASE :::::::::"/>
		<scatter-gather doc:name="Scatter-Gather" doc:id="152a0476-5e85-4e67-aeac-58c4bf9d9cba" >
			<route >
				<ee:transform doc:name="Transform Message" doc:id="28b02c01-172b-4073-b50b-4f3c7ca1d2bf">
					<ee:message>
						<ee:set-payload><![CDATA[%dw 2.0
output application/json
---

payload]]></ee:set-payload>
					</ee:message>
				</ee:transform>
				<http:request method="POST" doc:name="Request" doc:id="ea581efa-f11a-4124-89ac-1b1d7939c07b" config-ref="HTTP_Request_MySQL" path="/bulk-update"/>
			</route>
			<route >
				<foreach doc:name="For Each" doc:id="732334ed-2fc7-48e5-b99b-df76a3f5f48d" collection="#[payload]">
					<logger level="INFO" doc:name="Logger" doc:id="135bbe20-fb32-438f-9f26-4ae85aeb3532" message="Product to Update: #[payload]" />
					<http:request method="POST" doc:name="Request" doc:id="5251c3f4-a3f3-4fb9-abda-c8f6846ecc9f" config-ref="HTTP_Request_Redis" path="/update-product-key" />
					<ee:transform doc:name="Transform Message1" doc:id="5eef82af-3bbe-4814-bafa-f13acfe937db">
						<ee:message>
							<ee:set-payload><![CDATA[%dw 2.0
output application/json
---

payload]]></ee:set-payload>
						</ee:message>
					</ee:transform>
				</foreach>
			</route>
		</scatter-gather>
		<ee:transform doc:name="Transform Message" doc:id="1e6192c7-bf64-4ed3-8577-9c977ffadd12">
					<ee:message>
						<ee:set-payload><![CDATA[%dw 2.0
output application/json
---

{
	success: true,
	message: "Purchase processed correctly"
}]]></ee:set-payload>
					</ee:message>
				</ee:transform>
		<logger level="INFO" doc:name="Logger" doc:id="d5f2fb33-f8e8-49ce-9ec8-625852e2def2" message="Porcess Purchase Response: #[payload]"/>
		<error-handler >
			<on-error-continue enableNotifications="true" logException="true" doc:name="On Error Continue" doc:id="e023ad65-b98d-40e9-8e9b-84f5a939fb8a" type="ANY">
				<logger level="ERROR" doc:name="Logger" doc:id="9c1e7a02-cfa3-42a5-bb29-49e7c608bc9f" message="#[error.description]"/>
				<ee:transform doc:name="Transform Message" doc:id="89b5dbe5-4c24-442e-ab1b-04ffdb68fcdd">
					<ee:message>
						<ee:set-payload><![CDATA[%dw 2.0
output application/json
---
{
	success: false,
	message: "Failed to process the purchase",
	description: error.description
}]]></ee:set-payload>
					</ee:message>
				</ee:transform>
				<set-variable value="500" doc:name="Set Variable" doc:id="ded15684-c979-436b-b622-1af3926d566a" variableName="statusCode"/>
			</on-error-continue>
		</error-handler>
	</flow>
	<flow name="papi-force-sync" doc:id="c13b5471-8c07-48ac-a92e-80cf050ea2f5" >
		<http:listener doc:name="Listener" doc:id="a4c21204-1a06-46d1-8739-582594d7b659" config-ref="HTTP_Listener_config" path="/run-sync"/>
		<logger level="INFO" doc:name="Logger" doc:id="a9092af6-c2e9-4a63-a0af-72499261cf50" message=":::::::::: FORCING SYNC ::::::::::"/>
		<flow-ref doc:name="Flow Reference" doc:id="435936d2-da20-4635-9e2e-e9ebc782c3c8" name="papi-sync-databases"/>
	</flow>
	<flow name="papi-get-all-products" doc:id="f295748b-b52c-4198-9c1d-5bee38bc0033" >
		<http:listener doc:name="Listener" doc:id="93eefb52-c08e-43f3-bc50-b3dd763b9773" config-ref="HTTP_Listener_config" path="/list-all-products">
			<http:response statusCode="#[vars.statusCode default 200]" />
		</http:listener>
		<ee:transform doc:name="Transform Message" doc:id="635b3cdd-ba36-414f-8a94-fc006e6e94ad" >
			<ee:message >
				<ee:set-payload ><![CDATA[%dw 2.0
output application/json
---
{
	key: "products"
}]]></ee:set-payload>
			</ee:message>
		</ee:transform>
		<http:request method="POST" doc:name="Request" doc:id="1af635bc-3657-4595-acba-418eadfe09e9" config-ref="HTTP_Request_Redis" path="/get-key"/>
		<ee:transform doc:name="Transform Message" doc:id="517d0f4f-6885-4e3b-9870-e415316677f6" >
			<ee:message >
				<ee:set-payload ><![CDATA[%dw 2.0
output application/json
---

{
	success: true,
	products: payload.value
}]]></ee:set-payload>
			</ee:message>
			<ee:variables >
				<ee:set-variable variableName="statusCode" ><![CDATA[%dw 2.0
---
200]]></ee:set-variable>
			</ee:variables>
		</ee:transform>
		<error-handler >
			<on-error-continue enableNotifications="true" logException="true" doc:name="On Error Continue" doc:id="9e5150e6-6fb7-4da9-b3af-4bec1627a060" type="HTTP:NOT_FOUND">
				<ee:transform doc:name="Transform Message" doc:id="e1d581fd-acde-463e-9f8f-c00a518490e8" >
					<ee:message >
						<ee:set-payload ><![CDATA[%dw 2.0
output application/json
---
{
	success: false,
	message: "The products list couldn't be found"
}]]></ee:set-payload>
					</ee:message>
				</ee:transform>
				<set-variable value="404" doc:name="Set Variable" doc:id="90f55e47-ed2c-42db-8cbd-5d4d625db1a4" variableName="statusCode"/>
			</on-error-continue>
			<on-error-continue enableNotifications="true" logException="true" doc:name="On Error Continue" doc:id="0785c32b-db57-41cd-8740-aff64cf1c69f" type="HTTP:BAD_GATEWAY, HTTP:BAD_REQUEST, HTTP:CLIENT_SECURITY, HTTP:CONNECTIVITY, HTTP:FORBIDDEN, HTTP:INTERNAL_SERVER_ERROR, HTTP:METHOD_NOT_ALLOWED, HTTP:NOT_ACCEPTABLE, HTTP:PARSING, HTTP:RETRY_EXHAUSTED, HTTP:SECURITY, HTTP:SERVICE_UNAVAILABLE, HTTP:TIMEOUT, HTTP:TOO_MANY_REQUESTS, HTTP:UNAUTHORIZED, HTTP:UNSUPPORTED_MEDIA_TYPE, EXPRESSION, STREAM_MAXIMUM_SIZE_EXCEEDED">
				<ee:transform doc:name="Transform Message" doc:id="444e846f-3b64-434e-a783-6c4142bac480" >
					<ee:message >
						<ee:set-payload ><![CDATA[%dw 2.0
output application/json
---
{
	success: false,
	message: "Error while processing your request",
	error: error.description
}]]></ee:set-payload>
					</ee:message>
				</ee:transform>
				<set-variable value="500" doc:name="Set Variable" doc:id="83fa86f5-57e8-493d-85c2-44dca485a3d3" variableName="statusCode" />
			</on-error-continue>
		</error-handler>
	</flow>
	<sub-flow name="papi-update-products-key-subflow" doc:id="0a87905a-a1bb-4fad-b9a7-600a8e4d1445" >
		<ee:transform doc:name="Transform Message" doc:id="f0dba599-3073-4f63-b178-1c5d246d3846" >
			<ee:message >
				<ee:set-payload ><![CDATA[%dw 2.0
output application/json
---
{
	key: "products",
	value: write(payload, "application/json")
}]]></ee:set-payload>
			</ee:message>
		</ee:transform>
		<until-successful maxRetries="3" doc:name="Until Successful" doc:id="9d0eb8a0-7b34-4f56-bfaa-669b171cdeff" millisBetweenRetries="10000" >
			<http:request method="POST" doc:name="Request" doc:id="d80747a0-fa26-43d4-91bc-348f5b58feec" config-ref="HTTP_Request_Redis" path="/set-key" >
				<error-mapping targetType="SYNC:DATABASES" />
			</http:request>
		</until-successful>
		<ee:transform doc:name="Transform Message1" doc:id="6de316b7-f563-4845-9dc0-42a9bfc9ed54" >
			<ee:message >
				<ee:set-payload ><![CDATA[%dw 2.0
output application/json
---

payload]]></ee:set-payload>
			</ee:message>
		</ee:transform>
	</sub-flow>
	<flow name="papi-process-purchase-v2" doc:id="41f9c15b-9965-404d-8277-bc2c997a8847" >
		<http:listener doc:name="Listener" doc:id="c9329ba6-c7ab-4cf9-8782-0d58f511426e" config-ref="HTTP_Listener_config" path="/process-purchase/v2" >
			<http:response statusCode="#[vars.statusCode default 200]" />
		</http:listener>
		<logger level="INFO" doc:name="Logger" doc:id="0a6843ac-2820-4d09-99ac-fbef1cdd1ce4" message=":::::::: START HANDLING PURCHASE :::::::::" />
		<scatter-gather doc:name="Scatter-Gather" doc:id="d3a90b2d-3228-42e0-bcb2-ad7a6ca8fb93" >
			<route >
				<ee:transform doc:name="Transform Message" doc:id="cd3fcfe9-6182-40bf-8741-8b2438667010" >
					<ee:message >
						<ee:set-payload ><![CDATA[%dw 2.0
output application/json
---

payload]]></ee:set-payload>
					</ee:message>
				</ee:transform>
				<http:request method="POST" doc:name="Request" doc:id="43731bf2-f576-43aa-97f6-1d26f7720280" config-ref="HTTP_Request_MySQL" path="/bulk-update" />
			</route>
			<route >
				<flow-ref doc:name="Flow Reference" doc:id="cbb9bf27-bd03-4f76-a33f-e2f346ea549d" name="papi-get-all-products" target="productsList" targetValue="#[payload.products]"/>
				<foreach doc:name="For Each" doc:id="e555807b-12b3-4548-a38d-f5178fecc4f2" collection="#[payload]">
					<ee:transform doc:name="Transform Message" doc:id="98060544-3134-405c-8738-e59076aadedf">
						<ee:message>
							<ee:set-payload><![CDATA[%dw 2.0
output application/json
---
{
	key: payload.productId,
	quantity: payload.quantity
}]]></ee:set-payload>
						</ee:message>
						<ee:variables>
							<ee:set-variable variableName="productsList"><![CDATA[%dw 2.0
output application/java
---
vars.productsList map ((item, index) -> item  update {
    case quantity at .quantity if(item.productId == payload.productId and quantity >= payload.quantity ) ->  quantity - payload.quantity
    case quantity at .quantity if(item.productId == payload.productId and quantity < payload.quantity ) ->  0
})]]></ee:set-variable>
						</ee:variables>
					</ee:transform>
					<logger level="INFO" doc:name="Logger" doc:id="ec14c2d8-1c7d-4cd0-89b0-265829d84442" message="Product to Update: #[payload]" />
					<http:request method="POST" doc:name="Request" doc:id="0e3b295d-f4ca-40ae-ad43-d8cc202d7742" config-ref="HTTP_Request_Redis" path="/update-product-key" />
					<ee:transform doc:name="Transform Message1" doc:id="aabb2e0f-13e8-4016-90f9-5ade810c9edd">
						<ee:message>
							<ee:set-payload><![CDATA[%dw 2.0
output application/json
---

payload]]></ee:set-payload>
						</ee:message>
					</ee:transform>
				</foreach>
				<logger level="INFO" doc:name="Logger" doc:id="d8654507-1ec2-4d72-8e4c-a3011223a3df" message="Updated Products List: #[vars.productsList]"/>
				<ee:transform doc:name="Transform Message" doc:id="957a207e-c851-4df1-b3a2-ce772d36633b" >
					<ee:message >
						<ee:set-payload ><![CDATA[%dw 2.0
output application/json
---
vars.productsList]]></ee:set-payload>
					</ee:message>
				</ee:transform>
				<flow-ref doc:name="Flow Reference" doc:id="f248ae8e-3ac8-48e7-8665-03776c0c74d7" name="papi-update-products-key-subflow"/>
			</route>
		</scatter-gather>
		<ee:transform doc:name="Transform Message" doc:id="116fd1f3-6fff-4d9b-b63a-d25e411688ae" >
			<ee:message >
				<ee:set-payload ><![CDATA[%dw 2.0
output application/json
---

{
	success: true,
	message: "Purchase processed correctly"
}]]></ee:set-payload>
			</ee:message>
		</ee:transform>
		<error-handler >
			<on-error-continue enableNotifications="true" logException="true" doc:name="On Error Continue" doc:id="29701210-4605-4727-aa35-07d42940b57f" type="ANY" >
				<logger level="ERROR" doc:name="Logger" doc:id="505e4022-5960-497b-a899-24f65a0edf76" message="#[error.description]" />
				<ee:transform doc:name="Transform Message" doc:id="0766f16e-a8cb-4185-bb68-23dbaf2dc42f" >
					<ee:message >
						<ee:set-payload ><![CDATA[%dw 2.0
output application/json
---
{
	success: false,
	message: "Failed to process the purchase. None of the objects were discounted from the stock",
	error: error.description
}]]></ee:set-payload>
					</ee:message>
				</ee:transform>
				<set-variable value="500" doc:name="Set Variable" doc:id="3c30b896-190f-4380-a211-60d0f2dba2d2" variableName="statusCode" />
			</on-error-continue>
		</error-handler>
	</flow>
</mule>
