<?xml version="1.0" encoding="UTF-8"?>
<mule xmlns:api-gateway="http://www.mulesoft.org/schema/mule/api-gateway" xmlns="http://www.mulesoft.org/schema/mule/core" xmlns:apikit="http://www.mulesoft.org/schema/mule/mule-apikit" xmlns:doc="http://www.mulesoft.org/schema/mule/documentation" xmlns:ee="http://www.mulesoft.org/schema/mule/ee/core" xmlns:http="http://www.mulesoft.org/schema/mule/http" xmlns:xsi="http://www.w3.org/2001/XMLSchema-instance" xsi:schemaLocation="http://www.mulesoft.org/schema/mule/core http://www.mulesoft.org/schema/mule/core/current/mule.xsd http://www.mulesoft.org/schema/mule/http http://www.mulesoft.org/schema/mule/http/current/mule-http.xsd http://www.mulesoft.org/schema/mule/mule-apikit http://www.mulesoft.org/schema/mule/mule-apikit/current/mule-apikit.xsd http://www.mulesoft.org/schema/mule/ee/core http://www.mulesoft.org/schema/mule/ee/core/current/mule-ee.xsd 
http://www.mulesoft.org/schema/mule/api-gateway http://www.mulesoft.org/schema/mule/api-gateway/current/mule-api-gateway.xsd">
    <http:listener-config name="experience-products-api-httpListenerConfig" basePath="${http.listener.basePath}">
        <http:listener-connection host="${http.listener.host}" port="${http.listener.port}" />
    </http:listener-config>
    <apikit:config name="experience-products-api-config" api="resource::93f2cb3c-aa0b-4999-a88b-f3abc926346a:experience-products-api:1.0.1:oas:zip:experience-products-api.yaml" outboundHeadersMapName="outboundHeaders" httpStatusVarName="httpStatus" />
	<configuration-properties doc:name="Configuration properties" doc:id="dd3cf7fd-8bdc-4eeb-830e-3d9163a726da" file="${mule.env}.properties" />
	<http:request-config name="HTTP_Request_Papi" doc:name="HTTP Request configuration" doc:id="2d2fde75-d530-43e4-8e2e-0a98e2ec9214" basePath="${papi.http.basePath}" >
		<http:request-connection protocol="${papi.http.protocol}" host="${papi.http.host}" port="${papi.http.port}" />
	</http:request-config>
	<http:request-config name="HTTP_Request_SQL_Sapi" doc:name="HTTP Request configuration" doc:id="2c04b104-4e2b-4bff-a4e3-8258b4af98b7" basePath="${mysql.http.basePath}" >
		<http:request-connection protocol="${mysql.http.protocol}" host="${mysql.http.host}" port="${mysql.http.port}" />
	</http:request-config>
	
	<flow name="experience-products-api-main">
        <http:listener config-ref="experience-products-api-httpListenerConfig" path="/*">
            <http:response statusCode="#[vars.httpStatus default 200]">
                <http:headers><![CDATA[#[vars.outboundHeaders default {}]]]></http:headers>
            </http:response>
            <http:error-response statusCode="#[vars.httpStatus default 500]">
                <http:body><![CDATA[#[payload]]]></http:body>
                <http:headers><![CDATA[#[vars.outboundHeaders default {}]]]></http:headers>
            </http:error-response>
        </http:listener>
        <apikit:router config-ref="experience-products-api-config" />
        <error-handler>
            <on-error-propagate type="APIKIT:BAD_REQUEST">
                <ee:transform doc:name="Transform Message">
                    <ee:message>
                        <ee:set-payload><![CDATA[%dw 2.0
output application/json
---
{
	success: false,
	message: "Bad request - Make sure you are sending the correct payload for this operation"
}]]></ee:set-payload>
                    </ee:message>
                    <ee:variables>
                        <ee:set-variable variableName="httpStatus"><![CDATA[400]]></ee:set-variable>
                    </ee:variables>
                </ee:transform>
            </on-error-propagate>
            <on-error-propagate type="APIKIT:NOT_FOUND">
                <ee:transform doc:name="Transform Message">
                    <ee:message>
                        <ee:set-payload><![CDATA[%dw 2.0
output application/json
---
{message: "Resource not found"}]]></ee:set-payload>
                    </ee:message>
                    <ee:variables>
                        <ee:set-variable variableName="httpStatus">404</ee:set-variable>
                    </ee:variables>
                </ee:transform>
            </on-error-propagate>
            <on-error-propagate type="APIKIT:METHOD_NOT_ALLOWED">
                <ee:transform doc:name="Transform Message">
                    <ee:message>
                        <ee:set-payload><![CDATA[%dw 2.0
output application/json
---
{message: "Method not allowed"}]]></ee:set-payload>
                    </ee:message>
                    <ee:variables>
                        <ee:set-variable variableName="httpStatus">405</ee:set-variable>
                    </ee:variables>
                </ee:transform>
            </on-error-propagate>
            <on-error-propagate type="APIKIT:NOT_ACCEPTABLE">
                <ee:transform doc:name="Transform Message">
                    <ee:message>
                        <ee:set-payload><![CDATA[%dw 2.0
output application/json
---
{message: "Not acceptable"}]]></ee:set-payload>
                    </ee:message>
                    <ee:variables>
                        <ee:set-variable variableName="httpStatus">406</ee:set-variable>
                    </ee:variables>
                </ee:transform>
            </on-error-propagate>
            <on-error-propagate type="APIKIT:UNSUPPORTED_MEDIA_TYPE">
                <ee:transform doc:name="Transform Message">
                    <ee:message>
                        <ee:set-payload><![CDATA[%dw 2.0
output application/json
---
{message: "Unsupported media type"}]]></ee:set-payload>
                    </ee:message>
                    <ee:variables>
                        <ee:set-variable variableName="httpStatus">415</ee:set-variable>
                    </ee:variables>
                </ee:transform>
            </on-error-propagate>
            <on-error-propagate type="APIKIT:NOT_IMPLEMENTED">
                <ee:transform doc:name="Transform Message">
                    <ee:message>
                        <ee:set-payload><![CDATA[%dw 2.0
output application/json
---
{message: "Not Implemented"}]]></ee:set-payload>
                    </ee:message>
                    <ee:variables>
                        <ee:set-variable variableName="httpStatus">501</ee:set-variable>
                    </ee:variables>
                </ee:transform>
            </on-error-propagate>
			<on-error-propagate enableNotifications="true" logException="true" doc:name="On Error Propagate" doc:id="c4b4ea2e-c593-4688-94ec-68fd72d60885" type="ANY">
				<ee:transform doc:name="Transform Message" doc:id="550570ba-12f2-4a69-be11-22eced543f86" >
					<ee:message >
						<ee:set-payload ><![CDATA[%dw 2.0
output application/json
---
{
	success: false,
	message: error.errorMessage.payload.message,
	products: payload,
	error: error.description
}]]></ee:set-payload>
					</ee:message>
				</ee:transform>
			</on-error-propagate>
        </error-handler>
    </flow>
    <flow name="experience-products-api-console">
        <http:listener config-ref="experience-products-api-httpListenerConfig" path="/console/*">
            <http:response statusCode="#[vars.httpStatus default 200]">
                <http:headers>#[vars.outboundHeaders default {}]</http:headers>
            </http:response>
            <http:error-response statusCode="#[vars.httpStatus default 500]">
                <http:body>#[payload]</http:body>
                <http:headers>#[vars.outboundHeaders default {}]</http:headers>
            </http:error-response>
        </http:listener>
        <apikit:console config-ref="experience-products-api-config" />
        <error-handler>
            <on-error-propagate type="APIKIT:NOT_FOUND">
                <ee:transform doc:name="Transform Message">
                    <ee:message>
                        <ee:set-payload><![CDATA[%dw 2.0
output application/json
---
{message: "Resource not found"}]]></ee:set-payload>
                    </ee:message>
                    <ee:variables>
                        <ee:set-variable variableName="httpStatus">404</ee:set-variable>
                    </ee:variables>
                </ee:transform>
            </on-error-propagate>
        </error-handler>
    </flow>
	<api-gateway:autodiscovery apiId="${api.id}" ignoreBasePath="true" doc:name="API Autodiscovery" doc:id="3ea051da-abcb-45c2-8506-1cc5cae9bd16" flowRef="experience-products-api-main" />
	
</mule>
