<?xml version="1.0" encoding="UTF-8"?>

<mule xmlns:http="http://www.mulesoft.org/schema/mule/http"
	xmlns:ee="http://www.mulesoft.org/schema/mule/ee/core" xmlns="http://www.mulesoft.org/schema/mule/core"
	xmlns:doc="http://www.mulesoft.org/schema/mule/documentation"
	xmlns:xsi="http://www.w3.org/2001/XMLSchema-instance" xsi:schemaLocation="
http://www.mulesoft.org/schema/mule/ee/core http://www.mulesoft.org/schema/mule/ee/core/current/mule-ee.xsd http://www.mulesoft.org/schema/mule/core http://www.mulesoft.org/schema/mule/core/current/mule.xsd
http://www.mulesoft.org/schema/mule/http http://www.mulesoft.org/schema/mule/http/current/mule-http.xsd">
<flow name="get:\list-all-products:experience-products-api-config">
        <logger level="INFO" message="BEFORE REQUEST: get:\list-all-products:experience-products-api-config" />
		<http:request method="GET" doc:name="Request" doc:id="e6f7a3c7-2619-4192-aeb7-2c753d0091fb" config-ref="HTTP_Request_Papi" path="/list-all-products"/>
		<logger level="INFO" doc:name="Logger" doc:id="2b0a9ef4-7d34-4f8a-b2f4-5205ef080643" message="AFTER REQUEST: #[payload]"/>
		<ee:transform doc:name="Transform Message" doc:id="a3db3780-bffa-4364-93fe-5d1b8b60b1de">
			<ee:message>
				<ee:set-payload><![CDATA[%dw 2.0
output application/json
---
payload]]></ee:set-payload>
			</ee:message>
		</ee:transform>
    </flow>
    <flow name="get:\list-all-products-directly:experience-products-api-config">
        <logger level="INFO" message="BEDORE REQUEST: get:\list-all-products-directly:experience-products-api-config" />
		<http:request method="GET" doc:name="Request" doc:id="327327e3-3c22-4111-8885-b98f9ac9b640" config-ref="HTTP_Request_SQL_Sapi" path="/select"/>
		<logger level="INFO" doc:name="Logger" doc:id="18ac0214-e9b9-426e-b39d-c162f0379fb1" message="AFTER REQUEST: #[payload]"/>
		<ee:transform doc:name="Transform Message" doc:id="4dbbd371-ad69-45a3-9c21-6933912aa5ff" >
			<ee:message >
				<ee:set-payload ><![CDATA[%dw 2.0
output application/json
---
payload]]></ee:set-payload>
			</ee:message>
		</ee:transform>
    </flow>
    <flow name="post:\buy-products:application\json:experience-products-api-config">
        <logger level="INFO" message="post:\buy-products:application\json:experience-products-api-config" />
		<http:request method="POST" doc:name="Request" doc:id="6441cf46-fdb4-4f64-aed8-c5ab36d8fa12" path="/process-purchase/v2" config-ref="HTTP_Request_Papi"/>
		<logger level="INFO" doc:name="Logger" doc:id="7ed10338-9548-4ae2-b472-f8e6a44184bb" message="AFTER REQUEST: #[payload]"/>
		<ee:transform doc:name="Transform Message" doc:id="67c96973-2950-43fc-bee1-311b73a6b018" >
			<ee:message >
				<ee:set-payload ><![CDATA[%dw 2.0
output application/json
---
payload]]></ee:set-payload>
			</ee:message>
		</ee:transform>
    </flow>

</mule>
