<?xml version="1.0" encoding="UTF-8"?>

<mule xmlns:ee="http://www.mulesoft.org/schema/mule/ee/core" xmlns:redis="http://www.mulesoft.org/schema/mule/redis"
	xmlns:http="http://www.mulesoft.org/schema/mule/http"
	xmlns:anypoint-mq="http://www.mulesoft.org/schema/mule/anypoint-mq" xmlns:vm="http://www.mulesoft.org/schema/mule/vm" xmlns="http://www.mulesoft.org/schema/mule/core" xmlns:doc="http://www.mulesoft.org/schema/mule/documentation" xmlns:xsi="http://www.w3.org/2001/XMLSchema-instance" xsi:schemaLocation="http://www.mulesoft.org/schema/mule/core http://www.mulesoft.org/schema/mule/core/current/mule.xsd
http://www.mulesoft.org/schema/mule/vm http://www.mulesoft.org/schema/mule/vm/current/mule-vm.xsd
http://www.mulesoft.org/schema/mule/anypoint-mq http://www.mulesoft.org/schema/mule/anypoint-mq/current/mule-anypoint-mq.xsd
http://www.mulesoft.org/schema/mule/http http://www.mulesoft.org/schema/mule/http/current/mule-http.xsd
http://www.mulesoft.org/schema/mule/redis http://www.mulesoft.org/schema/mule/redis/current/mule-redis.xsd
http://www.mulesoft.org/schema/mule/ee/core http://www.mulesoft.org/schema/mule/ee/core/current/mule-ee.xsd">
	<flow name="get-key" doc:id="8aad6d15-9122-495a-b93f-26ad5dd3b506" >
		<http:listener doc:name="Listener" doc:id="9278867f-c1ce-45e5-9894-b54f507eeebb" path="/get-key" config-ref="HTTP_Listener_Sapi_Redis">
			<http:response statusCode="#[vars.statusCode]" />
			<http:error-response statusCode="#[vars.statusCode]" />
		</http:listener>
		<ee:transform doc:name="Transform Message" doc:id="e3431edd-6a19-451e-a828-d66dd9a0f5fc" >
			<ee:message >
			</ee:message>
			<ee:variables >
				<ee:set-variable variableName="key" ><![CDATA[%dw 2.0
output application/json
---
payload.key]]></ee:set-variable>
			</ee:variables>
		</ee:transform>
		<redis:get doc:name="Get" doc:id="aef7f945-29e7-47ad-ae2d-f667c4391fad" key="#[payload.key]" config-ref="Redis_Config"/>
		<logger level="INFO" doc:name="Logger" doc:id="4ddb2b59-007e-4cde-bcd7-6f8192b89f72" message="Retrived Payload from Redis: #[payload]" />
		<ee:transform doc:name="Transform Message" doc:id="402fa07a-ac90-4980-a8f4-4cb66a535483" >
			<ee:message >
				<ee:set-payload ><![CDATA[%dw 2.0
output application/json
---
{
	success: true,
	key: vars.key,
	value: read(payload, "application/json")
}]]></ee:set-payload>
			</ee:message>
			<ee:variables >
				<ee:set-variable variableName="statusCode" ><![CDATA[%dw 2.0
---
200]]></ee:set-variable>
			</ee:variables>
		</ee:transform>
		<error-handler >
			<on-error-continue enableNotifications="true" logException="true" doc:name="On Error Continue" doc:id="d1ad3425-c4bb-42ef-8d4b-af172a388916" type="ANY">
				<ee:transform doc:name="Transform Message" doc:id="374b1144-df84-4e9d-b667-39d721bcb0a5" >
					<ee:message >
						<ee:set-payload ><![CDATA[%dw 2.0
output application/json
---
{
	"success": false,
	"message": "Unable to retrive key form DB",
	"key": vars.key
}]]></ee:set-payload>
					</ee:message>
					<ee:variables >
						<ee:set-variable variableName="statusCode" ><![CDATA[%dw 2.0
---
404]]></ee:set-variable>
					</ee:variables>
				</ee:transform>
			</on-error-continue>
		</error-handler>
	</flow>
	<flow name="set-key" doc:id="320d9156-932a-4db3-989b-2e6061e76e1c" >
		<http:listener doc:name="Listener" doc:id="631bed80-92d8-4ee5-b22b-a2c34c5d2790" path="/set-key" config-ref="HTTP_Listener_Sapi_Redis">
			<http:response statusCode="#[vars.statusCode default 200]" />
		</http:listener>
		<ee:transform doc:name="" doc:id="477ce6bb-4b05-4f95-b437-449e62912609">
			<ee:message />
			<ee:variables>
				<ee:set-variable variableName="redisBody"><![CDATA[%dw 2.0
output application/java
---
payload.value as String
]]></ee:set-variable>
				<ee:set-variable variableName="key" ><![CDATA[%dw 2.0
output application/json
---
payload.key as String]]></ee:set-variable>
			</ee:variables>
		</ee:transform>
		<redis:set doc:name="Set" doc:id="8ee366ca-9ff3-4a19-8ccf-0a8240ceea59" key="#[vars.key as String]" target="redis_output" config-ref="Redis_Config">
			<redis:value><![CDATA[#[vars.redisBody as String]]]></redis:value>
		</redis:set>
		<logger level="INFO" doc:name="Logger" doc:id="49308c9b-926e-4482-ac7c-31d20ac81624" message="Payload: #[payload] set in Redis under Key: #[vars.key]" />
		<ee:transform doc:name="Transform Message" doc:id="f2d1f2d1-8aad-4920-9257-73517e65fc6e" >
			<ee:message >
				<ee:set-payload ><![CDATA[output application/json
---
{
	"success": true,
	"message": "Key added correctly",
	"key": vars.key
}]]></ee:set-payload>
			</ee:message>
			<ee:variables >
				<ee:set-variable variableName="statusCode" ><![CDATA[%dw 2.0
---
200]]></ee:set-variable>
			</ee:variables>
		</ee:transform>
		<error-handler >
			<on-error-continue enableNotifications="true" logException="true" doc:name="On Error Continue" doc:id="2f35486a-7736-489f-a0ca-36e641018d2c" type="ANY" >
				<ee:transform doc:name="Transform Message" doc:id="5ea0a6ec-8339-40b7-a193-63c986427a8b" >
					<ee:message >
						<ee:set-payload ><![CDATA[%dw 2.0
output application/json
---
{
	"success": false,
	"message": "Unable to store key in DB",
	"key": vars.key
}]]></ee:set-payload>
					</ee:message>
					<ee:variables >
						<ee:set-variable variableName="statusCode" ><![CDATA[%dw 2.0
---
500]]></ee:set-variable>
					</ee:variables>
				</ee:transform>
			</on-error-continue>
		</error-handler>
	</flow>
	<flow name="update-product-key" doc:id="01fd8a0e-9c14-4475-84e5-9f190d61258a" >
		<http:listener doc:name="Listener" doc:id="7fd0ca57-12a6-4bd6-af34-ec198c985cc2" config-ref="HTTP_Listener_Sapi_Redis" path="/update-product-key">
			<http:response statusCode="#[vars.statusCode default 200]" />
		</http:listener>
		<ee:transform doc:name="Transform Message" doc:id="bedb8586-5945-4ec8-8e4c-fa1c3849f2e6" >
			<ee:message >
			</ee:message>
			<ee:variables >
				<ee:set-variable variableName="requestPayload" ><![CDATA[%dw 2.0
output application/json
---
payload]]></ee:set-variable>
			</ee:variables>
		</ee:transform>
		<flow-ref doc:name="Flow Reference" doc:id="cd29d5da-a44d-46c8-a856-8a936dc44da7" name="get-key"/>
		<choice doc:name="Choice" doc:id="695fcc9e-60b7-46df-82cc-b96e1d952c26" >
			<when expression="#[payload.value &gt;= vars.requestPayload.quantity]">
				<ee:transform doc:name="Transform Message" doc:id="110cb083-07b8-428f-8a6d-119b84011109">
					<ee:message>
						<ee:set-payload><![CDATA[%dw 2.0
output application/json
---
{
	"key": vars.requestPayload.key,
	"value": payload.value - vars.requestPayload.quantity
}]]></ee:set-payload>
					</ee:message>
				</ee:transform>
				<logger level="INFO" doc:name="Logger" doc:id="9972026a-a625-4ee8-a8b1-7c2ad525b3ea" message="Update Payload: #[payload]"/>
				<flow-ref doc:name="Flow Reference" doc:id="77f4de21-e243-466e-af8d-be3e0313fc73" name="set-key"/>
				<choice doc:name="Choice" doc:id="8623c412-4f85-4c3d-b5ef-9b967642663e" >
					<when expression="#[payload.success]">
						<logger level="INFO" doc:name="Logger" doc:id="337e1e4b-ea20-423c-9791-043bc98bb0a4" message="Key: #[vars.requestPayload.key] Updated" />
						<ee:transform doc:name="Transform Message" doc:id="998afadd-8a8d-4063-a69a-124c6afcb47d">
					<ee:message>
						<ee:set-payload><![CDATA[output application/json
---
{
	"success": true,
	"message": "Key updated correctly",
	"key": vars.key
}]]></ee:set-payload>
					</ee:message>
							<ee:variables >
								<ee:set-variable variableName="statusCode" ><![CDATA[%dw 2.0
---
200]]></ee:set-variable>
							</ee:variables>
				</ee:transform>
					</when>
					<otherwise >
						<set-variable value="Failed to perform SET on Redis" doc:name="Set Variable" doc:id="cb56c1f6-0f5e-46e8-8a77-d3e69c1c5bb4" variableName="reason"/>
						<raise-error doc:name="Raise error" doc:id="917dbc24-79f0-464a-a0c9-b95b95f28757" type="CUSTOM:UPDATE_ERROR"/>
					</otherwise>
				</choice>
			</when>
			<otherwise >
				<set-variable value="Quantity in Redis is lower than requested quantity" doc:name="Set Variable" doc:id="75584db3-8841-4e21-ae18-a1138504b6ef" variableName="reason" />
				<raise-error doc:name="Raise error" doc:id="9e07c19d-1904-47ad-92ee-eddcd7017f8f" type="CUSTOM:INSUFICIENT_QTY" />
			</otherwise>
		</choice>
		<error-handler >
			<on-error-continue enableNotifications="true" logException="true" doc:name="On Error Continue" doc:id="f2933f71-8860-4f92-8cca-10dcefc66526" type="ANY">
				<ee:transform doc:name="Transform Message" doc:id="337dbebc-666a-41ec-8075-5f62dff6b703" >
					<ee:message >
						<ee:set-payload ><![CDATA[%dw 2.0
output application/json
---
{
	"success": false,
	"message": "Unable to update key in DB",
	"reason": vars.reason,
	"key": vars.requestPayload.key
}]]></ee:set-payload>
					</ee:message>
					<ee:variables >
						<ee:set-variable variableName="statusCode" ><![CDATA[%dw 2.0
---
500]]></ee:set-variable>
					</ee:variables>
				</ee:transform>
			</on-error-continue>
		</error-handler>
	</flow>
</mule>
