<?xml version='1.0' encoding='UTF-8'?>
<types:mule xmlns:types="http://www.mulesoft.org/schema/mule/types">
  <types:catalog>
    <types:type name="auto_8aad6d15-9122-495a-b93f-26ad5dd3b506_Output-Attributes" format="java">
      <types:shape format="weave" example="weave/autogenerated/8aad6d15-9122-495a-b93f-26ad5dd3b506/Output-Attributes.wev" autogeneratedOrigin="cd29d5da-a44d-46c8-a856-8a936dc44da7"><![CDATA[%dw 2.0

type auto_8aad6d15_9122_495a_b93f_26ad5dd3b506_Output_Attributes = Null

]]></types:shape>
    </types:type>
    <types:type name="auto_8aad6d15-9122-495a-b93f-26ad5dd3b506_Input-Payload" format="java">
      <types:shape format="weave" example="weave/autogenerated/8aad6d15-9122-495a-b93f-26ad5dd3b506/Input-Payload.wev" autogeneratedOrigin="cd29d5da-a44d-46c8-a856-8a936dc44da7"><![CDATA[%dw 2.0

type auto_8aad6d15_9122_495a_b93f_26ad5dd3b506_Input_Payload = Any

]]></types:shape>
    </types:type>
    <types:type name="auto_8aad6d15-9122-495a-b93f-26ad5dd3b506_Input-Attributes" format="java">
      <types:shape format="weave" example="weave/autogenerated/8aad6d15-9122-495a-b93f-26ad5dd3b506/Input-Attributes.wev" autogeneratedOrigin="cd29d5da-a44d-46c8-a856-8a936dc44da7"><![CDATA[%dw 2.0

type auto_8aad6d15_9122_495a_b93f_26ad5dd3b506_Input_Attributes = {|
  listenerPath: String, 
  rawRequestPath: String, 
  relativePath: String, 
  maskedRequestPath: String, 
  version: String, 
  scheme: String, 
  method: String, 
  requestUri: String, 
  rawRequestUri: String, 
  queryString: String, 
  localAddress: String, 
  remoteAddress: String, 
  clientCertificate?: java_security_cert_Certificate {"typeId": "java.security.cert.Certificate",
  "typeAlias": "Certificate"}, 
  queryParams: { _?: String }, 
  uriParams: { _?: String }, 
  requestPath: String, 
  headers: { _?: String }
|} {"typeId": "org.mule.extension.http.api.HttpRequestAttributes",
"typeAlias": "HttpRequestAttributes"}
type java_security_cert_Certificate = {|
  encoded?: Binary, 
  publicKey?: java_security_PublicKey {"typeId": "java.security.PublicKey",
  "typeAlias": "PublicKey"}, 
  "type"?: String
|} {"typeId": "java.security.cert.Certificate",
"typeAlias": "Certificate"}
type java_security_PublicKey = {|  |} {"typeId": "java.security.PublicKey",
"typeAlias": "PublicKey"}





]]></types:shape>
    </types:type>
    <types:type name="auto_8aad6d15-9122-495a-b93f-26ad5dd3b506_Output-Payload" format="java">
      <types:shape format="weave" example="weave/autogenerated/8aad6d15-9122-495a-b93f-26ad5dd3b506/Output-Payload.wev" autogeneratedOrigin="cd29d5da-a44d-46c8-a856-8a936dc44da7"><![CDATA[%dw 2.0

type auto_8aad6d15_9122_495a_b93f_26ad5dd3b506_Output_Payload = Any

]]></types:shape>
    </types:type>
    <types:type name="auto_320d9156-932a-4db3-989b-2e6061e76e1c_Input-Payload" format="json">
      <types:shape format="weave" example="weave/autogenerated/320d9156-932a-4db3-989b-2e6061e76e1c/Input-Payload.wev" autogeneratedOrigin="77f4de21-e243-466e-af8d-be3e0313fc73"><![CDATA[%dw 2.0

type auto_320d9156_932a_4db3_989b_2e6061e76e1c_Input_Payload = Any

]]></types:shape>
    </types:type>
    <types:type name="auto_320d9156-932a-4db3-989b-2e6061e76e1c_Input-Attributes" format="java">
      <types:shape format="weave" example="weave/autogenerated/320d9156-932a-4db3-989b-2e6061e76e1c/Input-Attributes.wev" autogeneratedOrigin="77f4de21-e243-466e-af8d-be3e0313fc73"><![CDATA[%dw 2.0

type auto_320d9156_932a_4db3_989b_2e6061e76e1c_Input_Attributes = Null

]]></types:shape>
    </types:type>
    <types:type name="auto_320d9156-932a-4db3-989b-2e6061e76e1c_Output-Payload" format="java">
      <types:shape format="weave" example="weave/autogenerated/320d9156-932a-4db3-989b-2e6061e76e1c/Output-Payload.wev" autogeneratedOrigin="77f4de21-e243-466e-af8d-be3e0313fc73"><![CDATA[%dw 2.0

type auto_320d9156_932a_4db3_989b_2e6061e76e1c_Output_Payload = Any

]]></types:shape>
    </types:type>
    <types:type name="auto_320d9156-932a-4db3-989b-2e6061e76e1c_Output-Attributes" format="java">
      <types:shape format="weave" example="weave/autogenerated/320d9156-932a-4db3-989b-2e6061e76e1c/Output-Attributes.wev" autogeneratedOrigin="77f4de21-e243-466e-af8d-be3e0313fc73"><![CDATA[%dw 2.0

type auto_320d9156_932a_4db3_989b_2e6061e76e1c_Output_Attributes = {|
  listenerPath: String, 
  rawRequestPath: String, 
  relativePath: String, 
  maskedRequestPath: String, 
  version: String, 
  scheme: String, 
  method: String, 
  requestUri: String, 
  rawRequestUri: String, 
  queryString: String, 
  localAddress: String, 
  remoteAddress: String, 
  clientCertificate?: java_security_cert_Certificate {"typeId": "java.security.cert.Certificate",
  "typeAlias": "Certificate"}, 
  queryParams: { _?: String }, 
  uriParams: { _?: String }, 
  requestPath: String, 
  headers: { _?: String }
|} {"typeId": "org.mule.extension.http.api.HttpRequestAttributes",
"typeAlias": "HttpRequestAttributes"}
type java_security_cert_Certificate = {|
  encoded?: Binary, 
  publicKey?: java_security_PublicKey {"typeId": "java.security.PublicKey",
  "typeAlias": "PublicKey"}, 
  "type"?: String
|} {"typeId": "java.security.cert.Certificate",
"typeAlias": "Certificate"}
type java_security_PublicKey = {|  |} {"typeId": "java.security.PublicKey",
"typeAlias": "PublicKey"}





]]></types:shape>
    </types:type>
    <types:type name="auto_320d9156-932a-4db3-989b-2e6061e76e1c_Output-Variables-redisBody" format="java">
      <types:shape format="raml" autogeneratedOrigin="77f4de21-e243-466e-af8d-be3e0313fc73"><![CDATA[#%RAML 1.0 DataType
type: string]]></types:shape>
    </types:type>
  </types:catalog>
  <types:enrichment select="#8aad6d15-9122-495a-b93f-26ad5dd3b506">
    <types:processor-declaration>
      <types:input-event>
        <types:message>
          <types:payload type="auto_8aad6d15-9122-495a-b93f-26ad5dd3b506_Input-Payload"/>
          <types:attributes type="auto_8aad6d15-9122-495a-b93f-26ad5dd3b506_Input-Attributes"/>
        </types:message>
      </types:input-event>
      <types:output-event>
        <types:message>
          <types:payload type="auto_8aad6d15-9122-495a-b93f-26ad5dd3b506_Output-Payload"/>
          <types:attributes type="auto_8aad6d15-9122-495a-b93f-26ad5dd3b506_Output-Attributes"/>
        </types:message>
      </types:output-event>
    </types:processor-declaration>
  </types:enrichment>
  <types:enrichment select="#320d9156-932a-4db3-989b-2e6061e76e1c">
    <types:processor-declaration>
      <types:input-event>
        <types:message>
          <types:payload type="auto_320d9156-932a-4db3-989b-2e6061e76e1c_Input-Payload"/>
          <types:attributes type="auto_320d9156-932a-4db3-989b-2e6061e76e1c_Input-Attributes"/>
        </types:message>
      </types:input-event>
      <types:output-event>
        <types:message>
          <types:payload type="auto_320d9156-932a-4db3-989b-2e6061e76e1c_Output-Payload"/>
          <types:attributes type="auto_320d9156-932a-4db3-989b-2e6061e76e1c_Output-Attributes"/>
        </types:message>
        <types:variables>
          <types:variable name="redisBody" type="auto_320d9156-932a-4db3-989b-2e6061e76e1c_Output-Variables-redisBody"/>
        </types:variables>
      </types:output-event>
    </types:processor-declaration>
  </types:enrichment>
  <types:enrichment select="#e3431edd-6a19-451e-a828-d66dd9a0f5fc"/>
  <types:enrichment select="#bedb8586-5945-4ec8-8e4c-fa1c3849f2e6"/>
</types:mule>